url,hash,content-type,length,isFetch
"https://cdn.jsdelivr.net/npm/bootstrap@5.1.3/dist/css/bootstrap.min.css","62f74b1cf824a89f03554c638e719594c309b4d8a627a758928c0516fa7890ab","text/css; charset=utf-8","163873","false"
"https://haiphong.gov.vn/tin-tuc-su-kien","06d594bb198739399b3ac1f386001b60030b99199d61988f43b22120e0eff988","text/html; charset=utf-8","207577","false"
"https://haiphong.gov.vn/StyleSheet/jQueryUI/jquery-ui-1.8.css","7b3105fd3467eeffafa4ae98b567275079a8b1895264f231415261fa212dbeac","text/css","32119","false"
"https://haiphong.gov.vn/Scripts/jquery-ui.min.js","c0a33cf2049758345983331bf6cb15325ed868472d19da9a34786b3333c33dba","application/javascript","254926","false"
"https://haiphong.gov.vn/StyleSheet/fontawesome/v5.10.0/all.css","e8c34e34c951245aafccc07782b0dabfcee5cd379a59feb2c5af07a10a690d50","text/css","156232","false"
"https://haiphong.gov.vn/scripts/jquery-3.6.3.min.js","5bac3ba6576e96f50d2eb53ddbf133d7b28e7d4c275e78feadf7f7f2844ecdd0","application/javascript","121710","false"
"https://haiphong.gov.vn//themes/responsive/responsive.css?v=23","c34ef78b17c63b46079418712dacbcc34527e1568f9305db25aafaad0a983e46","text/css","74177","false"
"https://haiphong.gov.vn//themes/haiphong/panelstylesheet/top-onecolumn-footer/default.css?v=23","bf0f870a2c531ca4c80a50fc6f3644b0cd26652def7ba743b49307074d643dcd","text/css","3929","false"
"https://haiphong.gov.vn//themes/haiphong/uibanner/default.css?v=23","d4f2d2e0c196502fcff89710a69fdb90cfb8a3f93d4f802128d5bdd577893db9","text/css","3949","false"
"https://haiphong.gov.vn//themes/haiphong/uisinglesearch/default.css?v=23","9ba2594fce53bd669c79ee3204aa5da5bfe215d0b9d042c9d67e5d1af4c4e0f2","text/css","3405","false"
"https://haiphong.gov.vn//themes/haiphong/uidropdownmenu/default.css?v=23","9a5a5bfe590de6e2a30c3e974713e783c1ea99afefbeb3f87f2fe42415743cfd","text/css","12876","false"
"https://haiphong.gov.vn//themes/haiphong/uimenunavigation/default.css?v=23","61b6818cdd870b243c35673fb2fd81cd562748a01d0a32dd097084a17d611ea2","text/css","7173","false"
"https://haiphong.gov.vn/Scripts/JDialog.js","4fc15f74c5d05365922665eab35a864767501a7c6018176e8606f4ffc501f419","application/javascript","1502","false"
"https://haiphong.gov.vn/WebResource.axd?d=n0SajXQWxcrE3pxQG51FeSQmgEK-ra_21MtuJOsGY828-1lHpA1w1mxrGLHspGtOsW4E3kAWMMyfrKZ3eH-8G1J7PIBWy5Q2oOCtuZnyUdNw4ebCQlqIiYRas9kqTp3lV9Gzsn1AhGU_9srAv27FhUZ4R9S7xYwG2D68ljEIR0A1&t=638436937329235196","56452bb748a9680b5905aa7ebfb5b4c08d19900181c9b39269b15d847908cdf6","text/css","3145","false"
"https://haiphong.gov.vn/WebResource.axd?d=bZQu9IErOfGRZdP9C3BB5dGxznMyzKdKpymsStSSFdx2_NvfSLHBuqwGKf0Xo1qBIZef6E4hwgHqUWsjCdisySDSenUSjOWDhR0JqQYNBh6nXBR_Dm50Id-nxY--S3h60&t=638436937331709629","e11c929e316e573c3e8fd7664532e905c128d542c8b3a671c71a75c07ff3135d","text/css","5573","false"
"https://haiphong.gov.vn//themes/haiphong/uiarticleinmenu/content.css?v=23","be58f2bc5efb2bbecb4868baa9801291ea21ce5a3d66a2e310a8cef6f9e3dad6","text/css","9888","false"
"https://haiphong.gov.vn//themes/haiphong/namdinhpost/uiservicecategory/default.css?v=23","231585116e834d921c3dc4535a9c0a8fbb855a53f85792cf4c9fbd43562a40f4","text/css","3724","false"
"https://haiphong.gov.vn/Scripts/configDialog.js","1175207a0412cfb5242429b56950054a7c06a4d9fe13363b07af55b7e10f28e8","application/javascript","3609","false"
"https://haiphong.gov.vn/WebResource.axd?d=AvBWCtbpLXYjyyNienFv2GzUaILMcu7hanuTqOgPKyA30Yerj4VJ3k8omtJrHxgWkA8N-Rzt4bZBA9oUx-Eaie4XoSrPZXTN8Ie3GZCqQm4TVBJXXAGizfmufSirYHDitMl9AQu0lbb_9L2j29hGVg2&t=638436937331709629","2cfc064efd33d116bb451766b5c42b0575ff1dc5b11049f95f6f9f8733dd9d0d","text/css","6021","false"
"https://haiphong.gov.vn//themes/haiphong/uiweblink/default.css?v=23","ed09cdcef7b85a9a0cfbcda65dcb5ddc67e83b236df50fcb0ecaaf1225eca8f3","text/css","1991","false"
"https://haiphong.gov.vn//themes/haiphong/uiutilitycontrols/uiadvertisement/default.css?v=23","bd8ce4ec4267918277111e0cb0103f1b245b1e071387e9122135f939bec31ef0","text/css","14414","false"
"https://haiphong.gov.vn/WebResource.axd?d=x04Yfb1X8ikM08WdhKr979YKtQX6fcVGCOJeFsO0Yk1gQsz1UoEIDDHiPdgRRol-zbqCjqaEroPSdyzNUQn303zPrpoOcdE7dLdWtur2jgkB00WB8o0CiUyaFVDRP0Z7UW12ywKJxVJaSrTZqnOyq6f21GEhjue8H7HrNVsd8Hc1&t=638436937329235196","9209fdf3663b9e4aa1ee4c590503f284d8578fe123814c5c7387d3a000641c42","text/css","9106","false"
"https://haiphong.gov.vn/WebResource.axd?d=b8adWYak0tImLef4A3fc9ZeUVJvewg6Lz66ZItvvl8x0uV_qASgFpFwkwWmZyFhWaVUyHu1gB_bv5EvqZFs6u0CSMZeZTIJMbZxWSeiuA8o5G6j4ks3W4cwWd-nTCgqzrfE9tJlGgMkdv-3t1MB4TA2&t=638436937331709629","4eca72ec2afffc6cce95a6cd3be10ffa5656803fe7cd57d3c5ca59cf639b73df","text/css","10562","false"
"https://haiphong.gov.vn/WebResource.axd?d=ks9ZnRy0EATz6xPm3__L0kSgAJMf-EOfRNP6jjojkvo1DimVYuuIy2SjuZ0vScMjJ05V-5mpXj7se53H4hXwwTrBL3wRsHvxbMJ2rRDqnApL5V2ZmUNteMlHvs-R-XEQft-yYm8ENf691HuS77MzLLqAaJL2jnXaoLcikZd9aGc1&t=638436937329235196","e0dc5d740311b986b784ddbaa9f382eb762c31c5c52165b2846b6a5939266ecb","text/css","1452","false"
"https://haiphong.gov.vn//themes/haiphong/uionlinecounter/default.css?v=23","f2ad08a6b8a5e268167a04dc8c393a401496c974bbf241babe72fcc10ac33a25","text/css","897","false"
"https://haiphong.gov.vn//themes/haiphong/uifooter/default.css?v=23","261d8b4cab96c8eac28cf956e2d772195f7bc71045aa9bd5676194b4a7ac4f09","text/css","1350","false"
"https://haiphong.gov.vn/DesktopModule/UIDropdownMenu/DropdownMenu.js","5bb9a063d9a34094aa77df55d03b34f6dd9c91a3355b27c455267a4b08d13d1a","application/javascript","1549","false"
"https://haiphong.gov.vn/WebResource.axd?d=pynGkmcFUV13He1Qd6_TZHmc54GjkPIBPE3aYr121JaS6QNLXu5o60ZdoLBPj6wBzTtgKMpeE-SRgFu11gHyCg2&t=638393501798026697","40732e9dcfa704cf615e4691bb07aecfd1cc5e063220a46e4a7ff6560c77f5db","application/x-javascript","23063","false"
"https://haiphong.gov.vn/DesktopModule/UIUtilityControls/UIAdvertisement/Advertisement.js","537b68006b14ce4cc6b6cc2ece71a04b920650ea915c2838b0485c01e9258c63","application/javascript","2509","false"
"https://haiphong.gov.vn/ScriptResource.axd?d=NJmAwtEo3Ipnlaxl6CMhvrtdl6wXU7z-B4TFmUuJMvZupGoWJ6a0IoyZ7L7Xxj-fhA6jeZUBAbfMEGnbzrIlr71c5Mhb1QYnKSVWs0P6Lx5n1rpSqVp3PvPYlwDTUkAXheV3hwwXTziHjPgDuOBkrZIezL6VoBfwSpq8nX3dplU1&t=511fa37d","66b804e7a96a87c11e1dd74ea04ac2285df5ad9043f48046c3e5000114d39b1c","application/x-javascript","102801","false"
"https://haiphong.gov.vn/ScriptResource.axd?d=dwY9oWetJoJoVpgL6Zq8OBXJWSKKxukoimrSwLEzvXw19i0lGszHKxHMlBDKVXxJx-SjoMZjQH_7-hKD5aPGFYHIgRxMVPbMfA4ClS7F2paEL-QoXiiXgrY1oA3lEhjvcNiDqphvsmhvLMpcUZyZ3f01nt_4Q6Ii76xBFryJQlw1&t=511fa37d","398cdf1b27ef247e5bc77805f266bb441e60355463fc3d1776f41aae58b08cf1","application/x-javascript","40326","false"
"https://haiphong.gov.vn/ScriptResource.axd?d=TDVjdgRbdvNAY3tnbizUcKn0sJ2x-j9wYJYYSASRLyk5x-buXAVGdzRDb95q1x6lbcF16YIU0jFS-5Ikb5q3yyn8OlYt4_IMyKmZd53NPQZyTkSvfg8UeLjjTxVuqKDU0&t=ffffffffdb75e8fc","bbe7f6366927f2b77451fedff2cb48e2b8d690fe8182b15a3c16a02d7852af30","text/javascript","68750","false"
"https://cdnjs.cloudflare.com/ajax/libs/font-awesome/6.0.0-beta2/css/all.min.css","81735261671cd094376ce5c6d31058c64fa70ad0f3b0798ffce2f2d8eeb7ab51","text/css; charset=utf-8","82023","false"
"https://f-emc.ngsp.gov.vn/embed/gov-tracking.min.js","c70ae58f9ce8d25f788dc0acd8388903268e34d26a78b7d26915eee978fb6e2f","application/javascript","90329","false"
"data:image/png;base64,iVBORw0KGgoAAAANSUhEUgAAABAAAAANCAYAAACgu+4kAAAACXBIWXMAAAsTAAALEwEAmpwYAAAAAXNSR0IArs4c6QAAAARnQU1BAACxjwv8YQUAAAKeSURBVHgBhVJbSJNhGH6/7z9s/07mllvSby7JPBLVWHiiA6UUgV55ZbsJIrvzoouIuogiKCjopiCQMrwoTSExoRoGUwlEy+mFHbBp6qaba266/XP/4ev/ZXYAoQcevo+X533f73vfB8F2ODNgMVCchzC4ATBdATrKjmmaAEP7EQ3d+tDc05W+pjVNiv7NJMhQP3BRwewtoGgbMCQJa7OvlPT8JCKQBmtBAW0rcmNuR0qOTJ1P9XpCfwpUd1mPFi33nyj5Wn2Y/w7RUbRy2xtsCwT8Gbvp0ClEm8Rw3P9CkmIzumM3XLSzpiTZUf9gs0Cwp6xwNpH7rowPF6/HdeC9Xwi+meC1zpXAcnHhpYcteRJjhAy8XrdsjM29bYutjz4BC2+ExIKAo537eJZI/aXWSHE6ToGvYxckIzjpjc8Ome0NFzwOkWlF76GF9sFl87TO4ahqU3tqyTH13MCyTN0DCVUSCcHnkR0QnjYCpSiJ+fTqkpBfufcADgB7ZBUMzWEoTX8DdQ68mshnP67gQb94PZVipkmGQGDcAnp1WiaMbbt1ZpDk0KS34DiIn8wg9O4EX34dLHHJkNZ5a3TUyw+xWJ6JGnTauIMzI/Y9rITBAIRyc7ZI35ee9gl9VeOEs8notbnhcYpdjE09u0uS0Y9d5eVidyQib20Be2pz+Yqg+yZPsR4TUZBRgcyqkDjXvDQ8hY18I+g5RokGxmtZy/wjU0WNKIHgSgw9/9sH2j3nCu8+66KtV/MJKjOKMugE0SfImeE0UWgLpvezmCpdkAXvycToHVUfRtv4kOGAc7RanHW1dM5pp0y5WIRzMkT5uaikx/o2Im/aMz8mVN2iyhSC7aHFGZUm7VUquWw8qTKhUrOxtCX8H3CWm2vL8jd+AX3nDRFsNigEAAAAAElFTkSuQmCC","bee656a1884c777ea99c42ef851060eebfaa3db3a190bdde883b68b8b3ef7bfc","image/png","777","false"
"https://tinnhiemmang.vn/handle_cert?id=haiphong.gov.vn","7bd06354830056baf6986df17dfd78d02cd8f99e846311bf302ad4a201daaa61","image/png","23338","false"
"data:image/png;base64,iVBORw0KGgoAAAANSUhEUgAAABwAAAAaCAYAAACkVDyJAAAACXBIWXMAAAsTAAALEwEAmpwYAAAAAXNSR0IArs4c6QAAAARnQU1BAACxjwv8YQUAAAURSURBVHgB5VZbbFRVFF3nPmbmlg7tUKCRR6kGUaC1EQhoE8Qmgv2oiXxINaJGfkTjl8Yfo4YYoumHJJoYP1QIYowfRiPGN4IkJgZBm/ioUKStrZTWttMync7MfW7XKdOkNNNa/dSb3Jxzz9lnr73XfpwL/NcfNV/BnMgKh2M+D2WaqOTUj8UwmgWicmBMKeXPR8/fAhYKssYw4AQG1loKqVCQheDGSPCBbWKTCDKGiYHIw0A2iz+qqlTmXwGKSEUAbKDASo5/SoBcPsJWgq0giPYQlolB7nfYCl00ajvfjy2gk94O/CNAgjnkp14iNNGTS16EhjDCHgGBZPKUps8ksKGoge8pgrdxyy0z4QcFnHcc1VNKt1VqkR41RhHqvQDnAsFLEZBQgpdtC59T2XgsgWqTMZwQuKZgFY3aE4Q4SODDoUKnGKjMa6uV+n2mbmPmgi/SGBAxMnDGF7RRyZGqOFaZET4KQ+wXGz/mAxybCHBShTjCI6tTcbRYIVqiENsLIcS0sJpW1xCzbE5ACiS016aBOs/D4zHB3lRc7Ut7eCYycUAUDhqC6xYnsLAqgRS9fpi0Vo+5aE866FqUwAaG4Q4a/CvjutB1sWJOQBdMCGDcD+GRpsNJR53IevIQQTL04k5S+wP39455eHvUw2s8XVkZx1NWHLvGPTxBFTF+t5Kgm8WkujhCzPXQwxv0mAvk3uJ3xWVX7tfzrCv1IwU5UKAM1xfrvXRedmd80UDoG5blE4Hcpefjrqzl/lK+1RnKzgrI+DVR6Ca+a4qAy4ujNSHSoueX8lI7WpDXp85oA3KebCnOr6esKp5ZH4i0cqwrSSk3TEqWuyFq+NlTXB4qjiaj/wVlyh0D7zGRaqbOJZQ659ho1/M4cGGa7t5CgFpvRtjUdEBm4U6YKGRdPMZYXWTMzsZ8fJpMqg4tQy+XhT52MFFWMTirlYkvU5Z6a4oFxnUX67SRBi1jV/qKhuRYPt+yEZxFqScIZCff+9IF6R8mP4yZpF0pDOXlDSqsnJLjejNlurmW1N+Xc5NnhrT8CAuQ8yjjytMu9VGmviSl+qGHnczUJDNyPWtvyaI4amntI+R6E0vjt34mw6Q3EUZVgLu10zTohUDhFUPhTcvALSyNlSyXa0nv+2wCOgdy0zGu7jQxiM3CHQ9xDztHG+npUwZOxBQe9EgVlbybFdmxAPiONGlv9vHmuJVhaCb9mxHh+bSLdeypaa69aETopEvdJWNYjEMFY7M19NCbCVHHBlBBgY2sySZud1uCo2xbaysT6lECN/genqNRJyOF/azV49T2PUF72e4uOHFsYbf6LK7UL7MCFkFrWLgPeD4+oVdPQveDiGAWlOtjM63v4PerBNnNeKykBylSeZq9t4qytbyy3iHliywbg2TkNJlIz07plWeCi1/DRooeHGVGHmJlOV6IkPQeIoV1MQu3BWzujK++SbaxM7Vqy5mZH9KIZczeCmZzh4pdDVbSw6KXC9gPG1hDzSpCuyvspbwb9dXE5DhGwD7GeB2ZWMMESel2SK+fLXfQT/mltoFT9OxMKd2zXsC5nNRYDqpJ1e1UetHTVcMbgR7XxQyM8Ca5hvMegh1nNv/EDNfxF/4RDJbZ6pvZ9M75i6Fvj5yPetvmZRtE2wJl/EzKljB5+iILFdozMrExYeF85KMrsDFcplTfXDrn9RMlVxqwTgqTNKbCAEneeS5jPaL3C7yUEwnSqZSL//3zFxsemmKTwC3gAAAAAElFTkSuQmCC","e3adfa5bd85a3934121c905e1f78932b36707115daf16d7cc42893bd395db348","image/png","1404","false"
"https://haiphong.gov.vn/ScriptResource.axd?d=mbGZm65DzNC0tMTq0ElbcSxwZBbcTMje4_l1kOG7BOrCsE7d0TsNa_Vo0YjvcJbhTmuHfylJeRMCwlxGyD3tuWdrauW9rmG6xL4KfbLVt3e4fbkjgOBN5hL0fQbmzdgvCa8G63ABn7y2DrTwOytKfQ2&t=ffffffffdb75e8fc","975dc47db8530b0139f2cd4cd4afe67c44a45704fca8693853ca21ecd560919b","text/javascript","97238","false"
"https://fonts.googleapis.com/css2?family=Roboto:wght@300&display=swap","cbd9ae7450caa31446fcf006b720e0548c65ab5b8b82d1f67f7a0031cb263ed7","text/css; charset=utf-8","2344","false"
"https://fonts.googleapis.com/css2?family=Open+Sans:wght@400;500&display=swap","d4b86e686e83d74db59e1b2efde51706ae87c02185d37a9024d9722a27ed1e4a","text/css; charset=utf-8","11634","false"
"https://fonts.googleapis.com/css2?family=Merriweather:ital,wght@0,300;0,400;0,700;1,300;1,400;1,700&display=swap","5691d1a3b214dd23497a244317f9a2532cfe5e06848828735305402291e71b0d","text/css; charset=utf-8","11309","false"
"https://fonts.googleapis.com/css2?family=Roboto+Slab:wght@300;400&family=Roboto:ital,wght@0,300;0,400;0,500;1,300;1,400;1,500&display=swap","f1f814f848754ff320721712ee592b087ec8eb0a0725e58884d24ae15d152340","text/css; charset=utf-8","18927","false"
"https://haiphong.gov.vn/ScriptResource.axd?d=VAoao3V0Em1AmKblq5dVU0VF7Gec_-oyT3BxktdzFpaly7VECbV1-6t9kVmkQs-xsB9wTs25-jC_QApIgoATq5LedR4TjoRGqihzjF-Lr_y_UZYwDTy5LNw0IKHYyKMLoXN2aEA85wNnYLcZXRNVB9VpbPolLDa6pdrJGOzZ8Xs1&t=ffffffffdb75e8fc","75237481f1bafa12ddac93bea28e49084a5ed166c15333ee9d94d89d52db5a16","text/javascript","330","false"
"https://haiphong.gov.vn/ScriptResource.axd?d=86EhAqQjfuMKlbK4FWyenAK5ODOD2T79gDgTqQyMx0PBLMlKe_vrHu5UAUv5srasmQU04M0q6aWZToUwxhALJVqKUv4ntwbztQ0znJWTdJT8y5Gmr0D9HnIuV6UnSF4n01sGeAju3e4tVtWALIMXcXamstBCEvKd3oR1BG_B0p01&t=ffffffffdb75e8fc","7cbe1870daa76370658f8437ad1764967e70c8a2e3189acacd7917c2b5edb631","text/javascript","12190","false"
"https://haiphong.gov.vn/ScriptResource.axd?d=hnK2W82KRFfF7GBe-cfZ6tsrOQ7hA61QYaQYVwSzkcBRGFaHzAG7H3-ZyoZ8eo0fZUWiKdBpWYr6OVLxledPfdbiTIqDOjlhHHl4DkL91kI1oxXyKAN4IS5ktPJ0dUD0JJufphYtApqSDnINAbOavw2&t=ffffffffdb75e8fc","8a651d47e1e7743c529944bac202635acfea0dd9181a80e5e21fa449a6ab4abd","text/javascript","23453","false"
"https://haiphong.gov.vn/ScriptResource.axd?d=CKWp3hTbfUbZoJvrOz6P-w2JfX_Y9oBMxfksiDsuqSopPCnNR7tLlPVVPps234T1D9NIAUsanx5yVjdPsM3wQAwU286WZ7nSSyeK804yOA3OelqrJrqvzRaIZMKTaoG8cwiqWjO-o81NN8InGOLY-w2&t=ffffffffdb75e8fc","b3bd3452255f97608a4ed7f0f32d3d5babd4453bdc43a5447d7105afd611f23a","text/javascript","61742","false"
"https://haiphong.gov.vn/ScriptResource.axd?d=uZyysmNAhs23bID72ZUaSh47cL0P1CbX8_8qm2sxSryscBkfB24NxS8vUD5vHZiDxDizgjKxML0D1DahcYvUAT6PwtXHbR7bRHCU1EmKjurMLUpu2vj6YYwwYNrOAwYOQL4lMLWDjxwT-9FLDD2f9-X3V8JXUXjq5OhOC3oKTtc1&t=ffffffffdb75e8fc","5f4955cc7e15fb64c2b83b0603689c99cab60d02aa7f44f4a80236793f76adfe","text/javascript","1740","false"
"https://haiphong.gov.vn/ScriptResource.axd?d=onec4cz-_1nbl1vDeOhfe2fHzNYpdBlwFcFB_ZGBEsgfgHVfi3bn1hURgwwxmtM3AxZB6TY1v3NVL3C3hLv6AUTjIYaWekemTwdaQ-Vt0L9X0I9Zxlv1EtnSKcDcKdyui3bNMUbMdxA1FX6Nz8C2UPIZksMiyWX_af8wOPzaynM1&t=ffffffffdb75e8fc","0bf95fe534008859f658b7584d5ef9de9c9d38e3e34682a19e47d381ab9da501","text/javascript","44032","false"
"https://haiphong.gov.vn/ScriptResource.axd?d=wtNuOIy3fVfy_-PUDV53xrY2rkTg7TW5d6jjwY6RKMbmtrivH-nLbgvrrYNnJhGFTSUOMZ2DDGH_4OpXQ5cb60f-LFHwe0iZtfTLE-DA3XFuc3tb1tEx4Lr1hV-6B-gSx1WQALDdE_nKwtjqZ4lbRG5GpIEP8EIUhCTQI7K7wUQ1&t=ffffffffdb75e8fc","33955d165e60830d6ded5874ed60b31302e7b60ecd3bcc92b28f009fc99008ce","text/javascript","21190","false"
"https://haiphong.gov.vn/ScriptResource.axd?d=cmIcXiVJ__exjjpjrN730qPUHICTDar-BJUYBF4ybbTHbYaVRpOTYmR1a2oPEa1C4ox6zRcw3WF8qSDTBgm92DckMpf_5INZSJ1jal0r9h4mvcTodXZv56vAxkKW-jUho74p2XMiAf8Jszbt8K7GaQ2&t=ffffffffdb75e8fc","1c9445e22de2026d3717cb456801ae684cfed4eb7b762a5e86ed5af95ff1e716","text/javascript","12585","false"
"https://haiphong.gov.vn/SiteFolders/Root/1/icon/homeicon.png","4bc9f74fa464d7cf5ba84faf0d0b7d1de391cfe24ceca268d5f2e3004cefd886","image/png","1287","false"
"https://haiphong.gov.vn/SiteFolders/Root/1/iconTracuu/lich.png","79efbc39da5587e83e63559a290ea9bf6256a44a11efc14eca852d68cc627e66","image/png","1398","false"
"https://haiphong.gov.vn/ScriptResource.axd?d=aoSSiMnLNTC20U5L7LFIKhBh1OWZuH4m_tFZRC6xnExc_Pf26V-Yzg85l9QJ7OiIW8dprWYOWGvOPoyQ7L5H2TqzS2PIrS_Z8oa0S9rKa6unKj3aVXbvue9aDvtlyRg674tllMzNJ1NaSfBs9OtC-P3Sw-qN23Pdd-xdE5hiI-81&t=ffffffffdb75e8fc","d88cf468774a2119fda793f91d3ca6b0e68e123173c90608bac428103c1e9241","text/javascript","3675","false"
"https://haiphong.gov.vn/SiteFolders/Root/1/icon_chuyende/bacho.png","55a9f2075ca9adb3f23e2d69a01a06b2ba8ed026fb0ade0ad8105054e0df7f8d","image/png","7412","false"
"https://haiphong.gov.vn/ScriptResource.axd?d=cZvwkQdrztqupmttwVUXY_Zvj8Ts0C5xj-POVv9mKkcBSsEKh6mzSvck7PuUSjYgubXKTqsYhMeliWG51i_sG0U8t8BYqAU4g8YDX7mdYmSGot4TuPxDKEkYXPGdJ_7L-rnJQtcPFvrlxwDWmTF1-Q2&t=ffffffffdb75e8fc","f612af3c2e571033d648f1e929e65360b4a812f9b85b80b07b667d5613c5804d","text/javascript","115526","false"
"https://haiphong.gov.vn/ScriptResource.axd?d=utaAJrK4EroNO-KNr3p19C0k82JasRmfWGlhqMu6EkN58Zqc11-ZlFNgpkgFAOFoHQt734Px4EMahKGjXS_2s3TRwuU1wbHOBGIBveAnFhwkfq0Z5LogR-5QydfMfCFancfkQI7z-m0fW6uGzyUWiA2&t=ffffffffdb75e8fc","55a588c3d6ee8182932b2e4aea48d10056f4d4eeee1e86271fb93220908befb3","text/javascript","10726","false"
"https://haiphong.gov.vn/SiteFolders/Root/1/icon_chuyende/graph.png","07cd954fc43bae0dd5e475490846af08fe7c886b8c64c3a6c6ce9eda8d1a6206","image/png","1016","false"
"https://haiphong.gov.vn/ScriptResource.axd?d=-9rjE8XFv-zikiBdee7Rrqtd1JFMI5xsisEMfJ308qjrX-vuZoShSE94XbUt7wtEbb3kfwn3VBO5ejF8Z3dzOUTjHeIieZEGXt-rgBaKiI-A3uE7iZOLEzfysn_po6XdXKR_hIsajUkF1VzGFlNoavubyRFtphtXgbnG9Oq7Qt81&t=ffffffffdb75e8fc","04b19419ef2b657bc0945688927daddbec6e933e5a70a71a6f9f63f681f4937a","text/javascript","3883","false"
"https://haiphong.gov.vn/ScriptResource.axd?d=eKZhdBAoDXLAsQys5JFN8jc1i589TlOddW9u00hlbkuV6iSJIunr-fxFNdma1jAGXipK80NfJNWmN8sL7MeeZwR6RVi4cSCWmc18oEspAJfM5c7F-TiUzYTzO3vDG9IJ-nBLwprW_esuMFDZ7RwQeC54frXzm4_VMJXqC4ahiw41&t=ffffffffdb75e8fc","c25520c05874f0e04a2f2a3b4a0c1c372aef5aecb6e011bcceb569f612b686df","text/javascript","40810","false"
"https://haiphong.gov.vn/ScriptResource.axd?d=GiyGg6C7coGF_0YjOubjHfB-9Izmt8B870Axy7po_8ZtD7ENrbfQ2Rs-Pb7tZzSmT5HQgpfy2rFLVTsHJEOHOjU-vaOE8q_mQJHoQnz0m29zhkuxH8DinMYk7Xcyhkb62Oc97Nkg5jMyktdNUkoLAw2&t=ffffffffdb75e8fc","1af37ad64ed623e30a061c28fc51ea5eadde1c96c58d7c7f9a31a24de0c75b3e","text/javascript","111712","false"
"https://haiphong.gov.vn/SiteFolders/Root/1/icon_chuyende/atgt.png","c729f0ab34c0797fbc3506f014f9a4d1060dbb7b76bec5d82bc7ec91cd659892","image/png","6093","false"
"https://haiphong.gov.vn/SiteFolders/Root/1/icon_chuyende/baohiem.png","a029023838a8a93e32f77eec91e8d2fa735ebac12bf93773d94c407260365285","image/png","9598","false"
"https://haiphong.gov.vn/SiteFolders/Root/1/icon_chuyende/thiduakhenthuong.png","2f6bf28829d9f187d4bcafb1d41a67becd5f6cfdd99be2dae81e32475b938a53","image/png","6916","false"
"https://haiphong.gov.vn/ScriptResource.axd?d=VxtOoXYuGZUEZcJ30xmYHqNGJPkC8i39SdVnsL5RFn0x6a-AXSpSJ53bNYELDAnvq94AajbiQoRI05u847UCOPjWuB268ft1Z-ZrZxqK-LiA7Y1Uny5eChUqjlsfcqIQ9DgLF1zJq9sY6Gx4FMnYhA2&t=ffffffffdb75e8fc","8d87e592cb89ef485e7cf82005105a9114fa8c9319e09d1fb8d5cd4c12373edf","text/javascript","4285","false"
"https://haiphong.gov.vn/sitefolders/Root/6459/tintuc/2024/3/nc1638460292688104669.jpg?w=450","5b591a53e0f46428da3f5c772dfd4ddf0972d45aa7e356e90ea617f6c8a64949","image/jpeg","45317","false"
"https://haiphong.gov.vn/sitefolders/Root/6459/tintuc/2024/3/hb1638460284250907320.jpg?w=450","fe9f3c3f2e4f09d2622ddd513ded48e269f06cf862c98a047611980b09b1a7d2","image/jpeg","43562","false"
"https://haiphong.gov.vn/sitefolders/Root/6461/tintuc/2024/3/z5248710206264_57b4bf890a0c624cc4dba57994eab08d638460308143191381.jpg?w=450","90ce944e9da41dd33dbc76354297d2fc1c57d08177f95c2522f918da20eebfc4","image/jpeg","44485","false"
"https://haiphong.gov.vn/sitefolders/Root/6461/tintuc/2024/3/z5247250095615_a5a2e8f68d9952e3a60d763b254710d2638460297690693483.jpg?w=450","6a47c85dd2404d11567006d1e52e0b81748d78e433850fd377876ea5ee136ba1","image/jpeg","47353","false"
"https://haiphong.gov.vn/sitefolders/Root/6458/tintuc/2024/3/img_6395638460288900418993.jpg?w=450","92377555ddffaa003c429bfde8be8fb5491928c73322c49d2fd168a9c1f21236","image/jpeg","47114","false"
"https://haiphong.gov.vn/sitefolders/Root/6464/tintuc/2024/3/z5247475208083_acf6787a6326dcbeb662549415a00966638460163617966428.jpg?w=450","2158b8ce9a502866b7e19e09b4e101d277f585a247052d93692951907ee97704","image/jpeg","50774","false"
"https://haiphong.gov.vn/sitefolders/Root/6458/tintuc/2024/3/img_6391638460063387181575.jpg?w=450","41093c3184af0b204896443b1213c20315fc8b5e0107103e623c24b9de59d723","image/jpeg","44453","false"
"https://haiphong.gov.vn/sitefolders/Root/6459/tintuc/2024/3/z5247350107276_83e406e23d2dd35e695d223e2382fd37638460054263124323.jpg?w=450","06ea35e5a9ff44898600ea9972fcb915af6678c6d58cb07b246b3699fdc9eba6","image/jpeg","38149","false"
"https://haiphong.gov.vn/sitefolders/Root/6464/tintuc/2024/3/2638459237154969480.jpg?w=450","9bf397e49b55e88a29f02a7249da7a88a843d237535aac6b723cfb927b5614bf","image/jpeg","52430","false"
"https://haiphong.gov.vn/sitefolders/Root/6459/tintuc/2024/3/hb1638459667472420505.jpg?w=450","b38706c9bc54a597ffcc2a26cad7726e651744c4b96b2a9011bb0d542331dd0b","image/jpeg","46305","false"
"https://haiphong.gov.vn/sitefolders/Root/6461/tintuc/2024/3/z5246025044502_01770ab22cbd1905baea96c8c3942c49638459607281767086.jpg?w=450","f36f9cfcf624d0108b8217d90df67d718b729f6cb4c7bcaa78521354cee4d9a0","image/jpeg","49089","false"
"https://haiphong.gov.vn/sitefolders/Root/6456/tintuc/2024/3/b371f35b-bd4d-414f-bb3d-aa33e58a3d80638459552497018445.jpg?w=450","2c5279ba1174826375977d681fcee4e724535c224e306ff20cf51efa2e3d76b6","image/jpeg","49102","false"
"https://haiphong.gov.vn/sitefolders/Root/6456/tintuc/2024/3/0299ff62-610d-4057-a461-1b3e2967cf76638459514340806266.jpg?w=450","272ba402278858ec078968038279f7415ff1c554b82c3c2e8455d4542707702f","image/jpeg","46722","false"
"https://haiphong.gov.vn/sitefolders/Root/6458/tintuc/2024/3/-638459509229023446.jpg?w=450","9e893f246f04d9ca034f5c84cfb067409d469afdd7fc530caea28cf4d68300a5","image/jpeg","38407","false"
"https://haiphong.gov.vn/sitefolders/Root/6456/tintuc/2024/3/gio-trai-dat-la-gi638459540553694542.jpg?w=450","66558edb98d1104a13e76e9e8607dc1b51fec826745198d8f6bf1b0030333411","image/jpeg","54363","false"
"https://haiphong.gov.vn//themes/haiphong/panelstylesheet/top-onecolumn-footer/images/leftbg.png","8c5e3cdcdb2c5084eee3195f3cebd7c11e6155ae5a1bd4618bc432ab19be302b","image/png","19277","false"
"https://haiphong.gov.vn//themes/haiphong/panelstylesheet/top-onecolumn-footer/images/rightbg.png","77383205985a1c37c3a10a5676103bf870f13fcaa0cebe3d375c22d7544bdac4","image/png","42792","false"
"https://haiphong.gov.vn//themes/haiphong/uisinglesearch/images/timkiem.png","5585a7795cb13a9f5a4d73df309300344d32edea165ee3f1fecd362cb26a4a33","image/png","549","false"
"https://haiphong.gov.vn//themes/haiphong/panelstylesheet/top-onecolumn-footer/images/header1.png","a73aed80394c3984c536d725ad4a1e1e6cdc84648ab886e701a9a4e8006ca541","image/png","385124","false"
"https://haiphong.gov.vn/SiteFolders/Root/1/icon/quochuy.png","14b6342b3cca58fec2b776c5a85edd10d35c81d919e211ca3a2f58727b1819ed","image/png","19533","false"
"https://haiphong.gov.vn//themes/haiphong/namdinhpost/uiservicecategory/images/line-hoaphuong.png","bc37d07e8d13a638748e00b6621d079689e86116215912f1e663d512a63ad681","image/png","1573","false"
"https://haiphong.gov.vn//themes/haiphong/uiweblink/images/line-hoaphuong.png","bc37d07e8d13a638748e00b6621d079689e86116215912f1e663d512a63ad681","image/png","1573","false"
"https://haiphong.gov.vn//themes/haiphong/uionlinecounter/images/line-hoaphuong.png","bc37d07e8d13a638748e00b6621d079689e86116215912f1e663d512a63ad681","image/png","1573","false"
"https://haiphong.gov.vn//themes/haiphong/uifooter/images/bg_footer.png","94ab54b1184ce0c2543819b5eee2f1069b3ccc0ef9f668c24ada4d6381320880","image/png","83797","false"
"https://fonts.gstatic.com/s/merriweather/v30/u-440qyriQwlOrhSvowK_l5-fCZM.woff2","5c2d662e92bcbf1a5970b97040f901031295e79a96314db8302f549003022087","font/woff2","20028","false"
"https://fonts.gstatic.com/s/roboto/v30/KFOmCnqEu92Fr1Mu4mxK.woff2","f6734f8177112c0839b961f96d813fcb189d81b60e96c33278c1983b6f419615","font/woff2","15744","false"
"https://fonts.gstatic.com/s/merriweather/v30/u-4n0qyriQwlOrhSvowK_l52xwNZWMf6.woff2","273c8613cdd2852dd5318f224d804ae6d2fc717c48d3f1dab587b6d396fb4fc8","font/woff2","19740","false"
"https://fonts.gstatic.com/s/roboto/v30/KFOlCnqEu92Fr1MmEU9fBBc4.woff2","b019538234514166ec7665359d097403358f8a4c991901983922fb4d56989f1e","font/woff2","15920","false"
"https://fonts.gstatic.com/s/merriweather/v30/u-440qyriQwlOrhSvowK_l5-ciZMZ-Y.woff2","9e26ab5064dab4ccd659362ecb893cd010d78264a4ae5b540766820d1026815d","font/woff2","18836","false"
"https://fonts.gstatic.com/s/merriweather/v30/u-440qyriQwlOrhSvowK_l5-cyZMZ-Y.woff2","880fc37f5a324b19d0624937dd1235625399588bebfe5c703930d6f3e1409285","font/woff2","7820","false"
"https://fonts.gstatic.com/s/merriweather/v30/u-4n0qyriQwlOrhSvowK_l52xwNZV8f6lvg.woff2","a619ae1c332145518f3ed463be52e3c71f63ecd71b0fdeae601b1878170005a9","font/woff2","7852","false"
"https://fonts.gstatic.com/s/merriweather/v30/u-4n0qyriQwlOrhSvowK_l52xwNZVsf6lvg.woff2","c885b71cffb1153ba213e090165c17fdda244b4807b622c1cee91025b536dd53","font/woff2","18416","false"
"https://fonts.gstatic.com/s/roboto/v30/KFOmCnqEu92Fr1Mu7WxKOzY.woff2","77b24796a3d4ab521f66765651875338ed50cb9306cfe4603a3e79618e429cec","font/woff2","5560","false"
"https://fonts.gstatic.com/s/roboto/v30/KFOmCnqEu92Fr1Mu7GxKOzY.woff2","3c23eb02de6b34e30f18cfb7167abd81a2cedfd1da60dfcb71989517ab3fb431","font/woff2","11872","false"
"https://fonts.gstatic.com/s/roboto/v30/KFOlCnqEu92Fr1MmEU9fChc4EsA.woff2","7f1c829b0c90fd664a03bb714a74f7d35d9e38ee1687104abc8ad5bd9c8ccb6c","font/woff2","11800","false"
"https://fonts.gstatic.com/s/roboto/v30/KFOlCnqEu92Fr1MmEU9fCxc4EsA.woff2","0948409a22b5979aa7e1ec20da9e61f12e7d403800b541ece053881bd2542b70","font/woff2","5604","false"
"https://cdnjs.cloudflare.com/ajax/libs/font-awesome/6.0.0-beta2/webfonts/fa-brands-400.woff2","ec372177b8e8df39d755e16551dfbbddcc53938ca52765fd730d0925885c964e","application/octet-stream; charset=utf-8","105264","false"
"https://haiphong.gov.vn/StyleSheet/fontawesome/webfonts/fa-solid-900.woff2","25b8df945ab6bdb4ac6f55a345112dcdc89907e9b0c37bab18e6fea90ba035ca","application/font-woff2","348036","false"
"https://haiphong.gov.vn/Handlers/IncreaseOnline.ashx","c925727869e1d3fde7b7198f9d800a329c0d48ee60d58ccdb18ab5339dc019a7","text/plain; charset=utf-8","145","false"
"https://haiphong.gov.vn/StyleSheet/fontawesome/webfonts/fa-regular-400.woff2","9ac06ddbf9e71000fb8f9af22735a9d38de31bb12b15410f060c95c05ffee249","application/font-woff2","418952","false"
"https://haiphong.gov.vn/SiteFolders/Root/1/logo.gif","3fdda38a12e9276461b525be1b927b6e3f226bec2eced276b72ee0b517030f40","image/gif","21516","false"